id,avaliacao,pergunta,resposta,fontes,esperados,busca_trouxe,citou_esperado,citou_algo,nao_encontrei,segundos
T01,T,Existe algum aplicativo que avisa sobre a ferrugem da soja no oeste da Bahia?,"Sim, o MonitoraOeste é um aplicativo desenvolvido para monitorar e emitir alertas sobre o avanço da ferrugem da soja e da mancha de ramulária do algodão em lavouras do Oeste da Bahia. [1]

",PUB 1166456;PUB 1185156;TEC 8709,TEC 8709;PRJ 217822;PUB 1166456;PUB 1153157;PUB 1185156,True,True,True,False,20.8
T02,T,Onde encontro mapas e dados sobre a região do Matopiba?,"O GeoMatopiba é uma plataforma que disponibiliza mapas e dados sobre o Matopiba, de forma interativa e integrada, acrônimo criado com as iniciais dos estados do Maranhão, Tocantins, Piauí e Bahia, e que identifica uma região de cerrado com forte expansão agropecuária nas últimas décadas. A plataforma conta com dois pontos de entrada: GeoWeb Matopiba e Painéis interativos.

[1] GeoMatopiba: Inteligência Territorial Estratégica para o Matopiba. (Publicação, 2020)
[2] GeoMatopiba: Inteligência Territorial Estratégica para o Matopiba (Solução tecnológica, 2020)
[3] Geoweb Matopiba (Solução tecnológica, 2015)",PUB 1122591;TEC 6255;TEC 6575,TEC 6255;TEC 6575;PRJ 213904;PRJ 216398;PRJ 219986;PUB 1122591,True,True,True,False,23.2
T03,T,Tem alguma plataforma com dados sobre a aquicultura no Brasil?,"Sim, o SITE Aquicultura reúne centenas de dados sobre a produção aquícola no Brasil, em uma única plataforma digital interativa com mapas estilizados. Disponível gratuitamente online, o produto preenche uma lacuna enfrentada ao longo de anos pelo setor: a ausência de informações organizadas para nortear investimentos, políticas públicas e outras ações. A plataforma apresenta dados gerados por diversas instituições sobre o segmento, bem como sobre fatores que impactam toda atividade rural. Esses dados estão categorizados nos cinco quadros que compõem os sistemas de inteligência territorial estratégica desenvolvidos pela Embrapa: natural, agrário, agrícola, de infraestrutura e socioeconômico.

[1] Site Aquicultura - Sistema de Inteligência Territorial Estratégica da Aquicultura Brasileira (2021)
[2] Desenvolvimento de plataforma Geoweb para o Sistema de Inteligência Territorial Estratégica da aquicultura brasileira. (2023)
[3] Desenvolvimento de plataforma Geoweb para o Sistema de Inteligência Territorial Estratégica da aquicultura brasileira. (2023)",TEC 8729;PUB 1153161;PUB 1153161,TEC 8729;PRJ 222282;PUB 1168010,True,True,True,False,23.7
T04,T,Como a Embrapa calcula o estoque de carbono em pomares de laranja?,"A Embrapa calcula o estoque de carbono em pomares de laranja a partir da avaliação direta de árvores em campo e em laboratório, além de realizar a estimativa do indicador nas áreas de vegetação nativa e no solo. [1]

[2] A metodologia é composta por quatro etapas: Cálculo das áreas de pomares e de preservação, em hectares, com base no Inventário de Árvores do Cinturão Citrícola (Fundecitrus) e no Sistema Nacional de Cadastro Ambiental Rural (Sicar); Estimativa do estoque de carbono das laranjeiras, com base na avaliação de 80 plantas; Estimativa do estoque de carbono da vegetação em áreas de preservação ambiental existentes nas propriedades; [2]

[3] A estimativa dos estoques de carbono dos pomares de laranja a partir de 3 anos No segundo passo, foram determinados os estoques de C, em toneladas por hectare, das diferentes classes de idade e variedades de laranja dos pomares, conforme descrito a seguir. [3]",TEC 13124;PUB 1173424;PUB 1173424,TEC 13124;PRJ 220947,True,True,True,False,26.0
T05,T,Qual é a pegada de carbono do café robusta em Rondônia?,"A pegada de carbono do café robusta da Amazônia brasileira em Rondônia é considerada satisfatória, principalmente devido à elevada produtividade e à baixa emissão de gases de efeito estufa em decorrência da intensa aplicação de mão de obra familiar nos principais manejos da cafeicultura e, consequentemente, da redução significativa da necessidade de maquinário agrícola que consome combustíveis fósseis. [1] [2] [3]",PUB 1176034;PUB 1176034;TEC 13165,TEC 13165;PRJ 221052;PUB 1176034,True,True,True,False,20.2
T06,T,Existe algum painel com dados sobre a cadeia produtiva do trigo no Brasil?,"Sim, a plataforma Trigo no Brasil (Solução tecnológica, 2026) apresenta painéis sobre diferentes elos da cadeia produtiva do trigo no Brasil. [1]

**Explicação:** A plataforma Trigo no Brasil, em sua descrição, apresenta painéis sobre a produção, aumento da produção, importação e exportação, industrialização e consumo, economia da produção e cadeia produtiva do trigo. [1]

**Termos técnicos:** A plataforma Trigo no Brasil apresenta painéis sobre a produção, aumento da produção, importação e exportação, industrialização e consumo, economia da produção e cadeia produtiva do trigo. [1]

**Não encontrei esse assunto nos documentos da Embrapa Territorial.**",TEC 13842;PUB 1082781;PUB 1032994,TEC 13842;PUB 1033002,True,True,True,True,22.8
T07,T,Que sistema mostra a logística de exportação da soja e de outros produtos agropecuários?,"O sistema de Inteligência Territorial Estratégica da Macrologística Agropecuária Brasileira | SITE-MLog apresenta dados sobre as cadeias produtivas de exportação agropecuária, incluindo informações sobre as bacias logísticas, os portos e a quantidade de produtos exportados. [1]

[2] Macrologística da agropecuária brasileira: estudo de caso das exportações de soja e milho. Tabela 3. Bacias logísticas: quantidade de soja e milho exportada pelos portos da bacia e quantidade exportada pelos municípios da bacia usando os portos da bacia em 2015. Demandas ministeriais - projeção da produção e implicações na macrologística O Sistema da Macrologística da Agropecuária Brasileira tem por principal objetivo atender demandas específicas do Ministério da Agricultura, Pecuária e Abastecimento (Mapa) na formulação de políticas públicas com foco na competitividade logística das diversas cadeias produtivas que tornam o Brasil um ágil fornecedor de alimentos para todos os continentes. Nesse sentido, foi demandado um estudo específico quanto aos cenários da evolução da logística para os próximos dez anos, e o Arco Norte é o alvo dessa remodelagem na exportação da produção de grãos. [2]

[3] Macrologística da agropecuária brasileira: estudo de caso das exportações de soja e milho. 10 DOCUMENTOS 118 traçando cen",TEC 12230;PUB 1085461;PUB 1085461,TEC 12230;PRJ 215346;PUB 1168007;PUB 1053826,True,True,True,False,30.5
T08,T,Onde posso baixar dados geoespaciais produzidos pela Embrapa?,"[1] GeoInfo – Infraestrutura de Dados Espaciais da Embrapa (Solução tecnológica, 2024)
[2] GeoInfo – Infraestrutura de Dados Espaciais da Embrapa (Projeto, 2015)
[3] Cinco anos de gestão de dados espaciais na Embrapa: diagnóstico e perspectivas. (Publicação, 2023)",TEC 12223;PRJ 209099;PUB 1156897,TEC 12223;PRJ 209099;PRJ 207779;PRJ 203916,True,True,True,False,19.8
T09,T,Como identificar pastagens degradadas usando imagens de satélite?,"Identificar pastagens degradadas usando imagens de satélite envolve a utilização de geotecnologias, como o Landsat 8 e 30 metros, e o uso de imagens de baixa resolução espacial (1.000 metros) para mapear as áreas degradadas. O projeto inova ao combinar imagens de alta resolução (30 metros) do Sentinel-2 com um número significativo de locais amostrados no campo, totalizando cerca de 2.800 locais. [3]",PUB 1162407;PUB 964492;PRJ 215270,PRJ 37897;PRJ 215270;PRJ 26813;PRJ 221706;PUB 1014364;PUB 1162407;PUB 1037900;PUB 876227;PUB 964492,True,True,True,False,21.5
T10,T,O que a Embrapa estudou sobre as áreas de vegetação nativa preservadas nos imóveis rurais a partir do CAR?,"A Embrapa Territorial estudou a quantificação das áreas de vegetação nativa preservada nos imóveis rurais do estado do Piauí e do estado de Rondônia, a partir dos dados do Cadastro Ambiental Rural (CAR). [1] e [2] detalham o processo de quantificação e o uso de métodos e procedimentos desenvolvidos pela equipe da Embrapa Territorial. [3] apresenta os resultados da primeira quantificação das áreas de vegetação nativa em propriedades rurais do estado de Rondônia. [1] e [2] também destacam a integração dos dados do Sicar ao Sistema de Inteligência Territorial Estratégica (Site) para a análise. [3] contextualiza a importância do estado de Rondônia no bioma Amazônia.",PUB 1126206;PUB 1126420;PUB 1126420,TEC 6352;PRJ 217855;PRJ 217856;PRJ 216727;PUB 1126420;PUB 1184275;PUB 1081225,True,True,True,False,24.7
T11,T,Existe um sistema com mapas e gráficos sobre a agropecuária na Caatinga?,"Sim, o Sistema de Inteligência Territorial Estratégica do Bioma Caatinga (SITE) do Bioma Caatinga gera mapas e gráficos sobre fatores que impactam a agropecuária na região. [1]

O SITE Caatinga permite análises personalizadas, a partir da seleção de variáveis e recortes territoriais que podem abranger todo o bioma, um estado ou apenas um dos 1.130 municípios abrangidos pelas plataformas. [2]

Este sistema foi desenvolvido pela Embrapa em parceria com outra(s) instituição(ões). [2]",TEC 9297;TEC 9297;PUB 1126288,TEC 9297;PRJ 218045,True,True,True,False,20.7
T12,T,Quais regiões do Brasil têm mais risco de entrada do fusário raça 4 tropical da bananeira?,"O trecho [1] descreve que as regiões com maior impacto potencial coincidem com os principais polos produtivos de banana no País, notadamente o Vale do Ribeira, SP, o Sul de Minas Gerais, o Vale do São Francisco, BA/PE, e o litoral norte de Santa Catarina.

[2] O trecho [2] detalha que o mapeamento estratégico de potenciais rotas de risco da praga Fusarium oxysporum f.sp. cubense raça 4 tropical no Brasil foi então classificada em quartis, atribuindo-se os maiores valores de risco (10 e 7) às classes alta e média de densidade de hospedeiros, respectivamente.

[3] O trecho [3] identifica os locais mais vulneráveis à entrada de Prodiplosis longifila (Diptera: Cecidomyiidae) no Brasil.

[4] Não encontrei esse assunto nos documentos da Embrapa Territorial.",PUB 1183706;PUB 1183706;PUB 1070972,PUB 1183706,True,True,True,True,26.8
T13,T,Como montar uma série temporal de NDVI com imagens Landsat?,Não encontrei esse assunto nos documentos da Embrapa Territorial.,PUB 1038034;PUB 1038034;PUB 31446,PUB 1038034,True,False,False,True,16.1
T14,T,Tem algum atlas escolar sobre a agricultura da região de Campinas?,"Sim, o Atlas escolar da Região Metropolitana de Campinas foi organizado em dois volumes. [1]

[1] Atlas escolar da Região Metropolitana de Campinas foi organizado em dois volumes. A versão digital está disponível na página da Empresa Brasileira de Pesquisa Agropecuária (Embrapa), em https://www.bdpa.cnptia.embrapa.br/consulta/ Acesse pelo celular",PUB 1089948;PUB 1089948;PUB 1045755,PRJ 24452;PRJ 209587;PUB 1089948;PUB 921148;PUB 1045755;PUB 1108778,True,True,True,False,17.8
T15,T,Como funciona a certificação orgânica participativa com formulários digitais?,Não encontrei esse assunto nos documentos da Embrapa Territorial.,PRJ 221810;PRJ 221810;PUB 1177864,PRJ 219735;PRJ 221810,True,False,False,True,16.0
T16,T,O que a Embrapa fez sobre desmatamento na Amazônia junto com o Censipam?,"A Embrapa e o Censipam trabalharam juntos para ampliar a compreensão dos processos de desmatamento no bioma Amazônia, por meio de um estudo detalhado em bases territoriais e temporais de ocorrência ou padrões desses processos. O projeto aplica abordagens estatísticas e científicas sofisticadas, baseadas em métodos de processamento de dados espaciais, imagens de satélite e inteligência territorial estratégica. O projeto fornece subsídios para expandir o entendimento sobre desmatamentos, os focos de calor e suas interações com o território do bioma Amazônia.",PRJ 219978;PUB 1132103;PUB 1132103,PRJ 219978,True,False,False,False,21.6
T17,T,Como aproveitar os resíduos de granjas no Paraná levando em conta a água disponível?,"O projeto do Serviço Nacional de Aprendizagem Rural do Paraná visa mapear os resíduos de granjas e planejar suas instalações, considerando a disponibilidade hídrica nas bacias hidrográficas. Isso permitirá que os beneficiários do Senar/PR e outros associados de entidades na escala local, regional e estadual aprimorem a sustentabilidade de suas atividades, garantindo a competividade do agronegócio paranaense no cenário nacional e internacional.

[1] Mapeamentos para a tomada de decisão quanto ao aproveitamento dos resíduos de granjas e planejamento de suas instalações conforme a disponibilidade hídrica no Paraná (Projeto, 2022)

[2] Análise de aspectos qualitativos da água vinculados ao uso e cobertura da terra na bacia hidrográfica do rio Igarapé-Açu, Capanema-PA. (Publicação, 2025, p. 13)

[3] Identificação de municípios prioritários para implantação de cisternas e outras tecnologias de acesso à água no Semiárido. (Publicação, 2018, p. 10)",PRJ 220862;PUB 1183470;PUB 1096820,PRJ 220862,True,True,True,False,26.4
T18,T,Existe um aplicativo com tecnologias da Embrapa para a agricultura na Amazônia?,"Sim, o aplicativo App TecAmazônia da Embrapa apresenta soluções tecnológicas sustentáveis para a agricultura no bioma Amazônia. [1]

**Explicação:**

O aplicativo oferece tecnologias para diferentes tipos de produção agropecuária, como cultivares, práticas agropecuárias, processos, metodologias e mais, buscando soluções sustentáveis. [1]

**Termos técnicos:**

*   **Agricultura Sustentável:** Produção de alimentos de forma a não prejudicar o meio ambiente e as futuras gerações.
*   **Cultivares:** Variedades de plantas cultivadas.
*   **Práticas Agropecuárias:** Técnicas utilizadas na produção agrícola.
*   **Processos Agroindustriais:** Etapas envolvidas na transformação de produtos agrícolas.
*   **Metodologias:** Procedimentos e técnicas utilizados na produção.
*   **Base Territorial:** Área geográfica onde a atividade agrícola é realizada.
*   **GPS:** Sistema de navegação que utiliza a localização do smartphone para determinar a posição do usuário.
*   **Tecnologia:** Ferramenta ou sistema que permite realizar uma tarefa.

**[1]**",TEC 8586;TEC 8586;PUB 1132103,TEC 8586,True,True,True,False,25.3
T19,T,O que é o SomaBrasil?,"O SomaBrasil é um sistema de observação e monitoramento da agricultura no Brasil, que disponibiliza bases de dados censitários e informações geradas a partir de imagens de satélite para todo o Brasil. Ele permite estudos e atividades para a caracterização e monitoramento das atividades agropecuárias, a conservação de recursos naturais, mapeamentos e zoneamentos. [1]

**Em resumo:** O SomaBrasil é uma ferramenta que fornece dados geográficos e informações sobre a agricultura, auxiliando na análise e mapeamento das atividades agropecuárias no Brasil. [2]",PUB 939076;TEC 6389;PUB 939076,TEC 6389;PRJ 205597;PUB 1014408;PUB 939076;PUB 999439,True,True,True,False,17.1
T20,T,Onde o percevejo-bronzeado do eucalipto pode causar mais problema no Brasil?,Não encontrei esse assunto nos documentos da Embrapa Territorial.,PUB 1126270;PUB 1068453;PRJ 205528,PUB 1059374;PUB 1126270;PUB 1068453,True,False,False,True,14.1
P01,P,Quanto custa recuperar uma pastagem degradada por hectare?,"A recuperação de pastagens nativas, de acordo com os trechos fornecidos, é um processo que pode levar de 2 a 3 meses na época chuvosa e reduzir a carga animal na seca, ou retirada de gado em seca prolongada, de modo que haja ressemeadura natural e cobertura do solo. O custo de recuperação de uma pastagem nativa pode variar, mas, em geral, é de cerca de 20 bilhões de reais entre 2013 e 2018, enquanto, entre os anos de 2018 e 2023, o total financiado para pastagens foi cerca de 8 bilhões de reais, mostrando um retraimento na oferta de crédito para reforma e manejo das pastagens. [3]",PUB 946134;PRJ 37897;PUB 1162407,PRJ 26813;PRJ 221873;PRJ 221706;PUB 1162407;PUB 1037900,True,True,True,False,21.5
P02,P,Qual a dose de pó de rocha com potássio que devo usar na minha lavoura em Goiás?,Não encontrei esse assunto nos documentos da Embrapa Territorial.,PRJ 221292;PUB 17522;PUB 1112932,PRJ 221292,True,False,False,True,14.6
P03,P,Qual microrganismo usar para melhorar o aproveitamento de fósforo no feijão em São Paulo?,"Um dos microrganismos solubilizadores de fósforo que pode ser utilizado é o BiomaPhos®, que contribui no crescimento do sistema radicular e no aproveitamento de P pelas plantas. [1]

[2] O Levantamento exploratório do manejo da fertilidade do solo pelos produtores e feijão comum no estado de São Paulo indica que a utilização de tecnologia como o manejo da fertilidade é fundamental para a atividade ser sustentável, associada ao sistema de plantio direto, uso de inoculante via sulco onde destaca os bioinsumos, além do Rizhobium tropici e Azospirillum brasilense que incorpora outros microrganismos (estimular o enraizamento, resistência a patógenos e solubilizadores de fósforo) numa rotação de cultura que promova a resiliência e melhoria na vida do solo. [2]",PRJ 221603;PUB 1168776;PRJ 221603,PRJ 221603,True,True,True,False,18.7
X01,X,Qual a dose de vermífugo para bezerros?,Não encontrei esse assunto nos documentos da Embrapa Territorial. (filtro de relação fraca),,,False,False,False,True,0.0
X02,X,Como fazer enxertia em mangueira?,Não encontrei esse assunto nos documentos da Embrapa Territorial. (filtro de relação fraca),,,False,False,False,True,0.0
X03,X,Qual a melhor cultivar de milho para plantar no Paraná?,Não encontrei esse assunto nos documentos da Embrapa Territorial. (filtro de relação fraca),,,False,False,False,True,0.0
X04,X,Como controlar a broca-do-café?,Não encontrei esse assunto nos documentos da Embrapa Territorial. (filtro de relação fraca),,,False,False,False,True,0.0
X05,X,Quanto calcário devo aplicar para corrigir o solo antes da soja?,"O calcário deve ser aplicado com tempo suficiente para reagir com o solo. A maioria dos calcários comercializados exige um período mínimo de três meses para reagir completamente. A calagem proporciona diversos benefícios, como aumento do pH e até melhoria de propriedades físicas de alguns solos, neutralização do alumínio e manganês tóxicos, aumento dos teores de cálcio e magnésio, aumento da disponibilidade de fósforo e molibdênio, aumento da atividade de microrganismos. O critério mais seguro para recomendar a dose de calcário é aquele em que se procura elevar a porcentagem de saturação em bases (V%) a um valor adequado para a cultura nos solos tropicais. A quantidade de calcário é calculada (Equação 4) para aumentar a porcentagem de cátions que condicionam os valores de CTC, geralmente para 70% (Sul e Sudeste do Brasil) ou 50% (no Cerrado brasileiro).

[1] Conceitos de fertilidade do solo e manejo adequado para as regiões tropicais. [1]
O calcário deve ser aplicado com tempo suficiente para reagir com o solo. A maioria dos calcários comercializados exige um período mínimo de três meses para reagir completamente. A calagem proporciona diversos benefícios, como aumento do pH e até melhoria de propriedades físicas de alguns solos, neutralização do alumínio e manganês tóxicos, aumento dos teores de cál",PUB 1128267;PUB 1128267;PUB 882598,,False,False,True,False,27.5
X06,X,Como fazer queijo minas artesanal?,Não encontrei esse assunto nos documentos da Embrapa Territorial. (filtro de relação fraca),,,False,False,False,True,0.0
X07,X,Quero comprar mudas de eucalipto; onde encontro?,"Produção de Mudas, Controle das Principais Pragas e Herborização de Essências Florestais Nativas e Exóticas no sul do Estado do Rio Grande do Sul. [1]
Produção de Mudas, Controle das Principais Pragas e Herborização de Essências Florestais Nativas e Exóticas no sul do Estado do Rio Grande do Sul. [2]
Eucalipto não é floresta? [3]
O que se observa na região do Vale do Paraíba paulista, onde os plantios florestais de eucalipto desenvolveram majoritariamente para a produção de celulose foi o maior aumento de vegetação nativa e suas áreas de influência. [3]
",PUB 31434;PUB 31434;PUB 1016028,,False,False,True,False,20.5
